__KEY_location;id_u7;name_u5
1;AR;Argentina
2;AR;Argentina
3;AR;Argentina
4;AR;Argentina
5;AR;Argentina
6;AR;Argentina
7;AR;Argentina
8;AR;Argentina
9;AR;Argentina
10;AR;Argentina
11;AR;Argentina
12;AR;Argentina
13;AR;Argentina
14;AR;Argentina
15;AR;Argentina
16;AR;Argentina
17;AR;Argentina
18;AR;Argentina
19;AR;Argentina
20;AR;Argentina
21;AR;Argentina
22;AR;Argentina
23;AR;Argentina
24;AR;Argentina
25;AR;Argentina
26;AR;Argentina
27;AR;Argentina
28;AR;Argentina
29;AR;Argentina
30;AR;Argentina
31;AR;Argentina
32;AR;Argentina
33;AR;Argentina
34;AR;Argentina
35;AR;Argentina
36;AR;Argentina
37;AR;Argentina
38;AR;Argentina
39;AR;Argentina
40;AR;Argentina
41;AR;Argentina
42;AR;Argentina
43;AR;Argentina
44;AR;Argentina
45;AR;Argentina
46;AR;Argentina
47;AR;Argentina
48;AR;Argentina
49;AR;Argentina
50;AR;Argentina
51;AR;Argentina
52;AR;Argentina
53;AR;Argentina
54;AR;Argentina
55;AR;Argentina
56;AR;Argentina
57;AR;Argentina
58;AR;Argentina
59;AR;Argentina
60;AR;Argentina
61;AR;Argentina
62;AR;Argentina
63;AR;Argentina
64;AR;Argentina
65;AR;Argentina
66;AR;Argentina
67;AR;Argentina
68;AR;Argentina
69;AR;Argentina
70;AR;Argentina
71;AR;Argentina
72;AR;Argentina
73;AR;Argentina
74;AR;Argentina
75;AR;Argentina
76;AR;Argentina
77;AR;Argentina
78;AR;Argentina
79;AR;Argentina
80;AR;Argentina
81;AR;Argentina
82;AR;Argentina
83;AR;Argentina
84;AR;Argentina
85;AR;Argentina
86;AR;Argentina
87;AR;Argentina
88;AR;Argentina
89;AR;Argentina
90;AR;Argentina
91;AR;Argentina
92;AR;Argentina
93;AR;Argentina
94;AR;Argentina
95;AR;Argentina
96;AR;Argentina
97;AR;Argentina
98;AR;Argentina
99;AR;Argentina
100;AR;Argentina
101;AR;Argentina
102;AR;Argentina
103;AR;Argentina
104;AR;Argentina
105;AR;Argentina
106;AR;Argentina
107;AR;Argentina
108;AR;Argentina
109;AR;Argentina
110;AR;Argentina
111;AR;Argentina
112;AR;Argentina
113;AR;Argentina
114;AR;Argentina
115;AR;Argentina
116;AR;Argentina
117;AR;Argentina
118;AR;Argentina
119;AR;Argentina
120;AR;Argentina
121;AR;Argentina
122;AR;Argentina
123;AR;Argentina
124;AR;Argentina
125;AR;Argentina
126;AR;Argentina
127;AR;Argentina
128;AR;Argentina
129;AR;Argentina
130;AR;Argentina
131;AR;Argentina
132;AR;Argentina
133;AR;Argentina
134;AR;Argentina
135;AR;Argentina
136;AR;Argentina
137;AR;Argentina
138;AR;Argentina
139;AR;Argentina
140;AR;Argentina
141;AR;Argentina
142;AR;Argentina
143;AR;Argentina
144;AR;Argentina
145;AR;Argentina
146;AR;Argentina
147;AR;Argentina
148;AR;Argentina
149;AR;Argentina
150;AR;Argentina
151;AR;Argentina
152;AR;Argentina
153;AR;Argentina
154;AR;Argentina
155;AR;Argentina
156;AR;Argentina
157;AR;Argentina
158;AR;Argentina
159;AR;Argentina
160;AR;Argentina
161;AR;Argentina
162;AR;Argentina
163;AR;Argentina
164;AR;Argentina
165;AR;Argentina
166;AR;Argentina
167;AR;Argentina
168;AR;Argentina
169;AR;Argentina
170;AR;Argentina
171;AR;Argentina
172;AR;Argentina
173;AR;Argentina
174;AR;Argentina
175;AR;Argentina
176;AR;Argentina
177;AR;Argentina
178;AR;Argentina
179;AR;Argentina
180;AR;Argentina
181;AR;Argentina
182;AR;Argentina
183;AR;Argentina
184;AR;Argentina
185;AR;Argentina
186;AR;Argentina
187;AR;Argentina
188;AR;Argentina
189;AR;Argentina
190;AR;Argentina
191;AR;Argentina
192;AR;Argentina
193;AR;Argentina
194;AR;Argentina
195;AR;Argentina
196;AR;Argentina
197;AR;Argentina
198;AR;Argentina
199;AR;Argentina
200;AR;Argentina
